amino_acid_number,Profile_HMM
1,H
2,P
3,E
4,T
5,L
6,V
7,K
8,V
9,K
10,D
11,A
12,E
13,D
14,K
15,L
16,G
17,A
18,R
19,V
20,G
21,Y
22,I
23,E
24,L
25,D
26,L
27,N
28,S
29,G
30,K
31,I
32,L
33,E
34,S
35,F
36,R
37,P
38,E
39,E
40,R
41,F
42,P
43,M
44,L
45,S
46,T
47,F
48,K
49,V
50,L
51,L
52,C
53,G
54,A
55,V
56,L
57,S
58,R
59,V
60,D
61,A
62,G
63,Q
64,E
65,Q
66,L
67,G
68,R
69,R
70,I
71,H
72,Y
73,S
74,Q
75,N
76,D
77,L
78,V
79,E
80,Y
81,S
82,P
83,V
84,T
85,E
86,K
87,H
88,L
89,T
90,D
91,G
92,M
93,T
94,V
95,R
96,E
97,L
98,C
99,S
100,A
101,A
102,I
103,T
104,M
105,S
106,D
107,N
108,T
109,A
110,A
111,N
112,L
113,L
114,L
115,T
116,T
117,I
118,G
119,G
120,P
121,K
122,E
123,L
124,T
125,A
126,F
127,L
128,H
129,N
130,M
131,G
132,D
133,H
134,V
135,T
136,R
137,L
138,D
139,R
140,W
141,E
142,P
143,E
144,L
145,N
146,E
147,A
148,I
149,P
150,N
151,D
152,E
153,R
154,D
155,T
156,T
157,M
158,P
159,A
160,A
161,M
162,A
163,T
164,T
165,L
166,R
167,K
168,L
169,L
170,T
171,G
172,E
173,L
174,L
175,T
176,L
177,A
178,S
179,R
180,Q
181,Q
182,L
183,I
184,D
185,W
186,M
187,E
188,A
189,D
190,K
191,V
192,A
193,G
194,P
195,L
196,L
197,R
198,S
199,A
200,L
201,P
202,A
203,G
204,W
205,F
206,I
207,A
208,D
209,K
210,S
211,G
212,A
213,G
214,E
215,R
216,G
217,S
218,R
219,G
220,I
221,I
222,A
223,A
224,L
225,G
226,P
227,D
228,G
229,K
230,P
231,S
232,R
233,I
234,V
235,V
236,I
237,Y
238,T
239,T
240,G
241,S
242,Q
243,A
244,T
245,M
246,D
247,E
248,R
249,N
250,R
251,Q
252,I
253,A
254,E
255,I
256,G
257,A
258,S
259,L
260,I
261,K
262,H
263,W
